Track URI,Track Name,Album Name,Artist Name(s),Release Date,Duration (ms),Popularity,Explicit,Added By,Added At,Genres,Record Label,Danceability,Energy,Key,Loudness,Mode,Speechiness,Acousticness,Instrumentalness,Liveness,Valence,Tempo,Time Signature
spotify:track:0W1eHrIACKah9l0Q9v611q,"Rock N Roll Soniye","Kabhi Alvida Naa Kehna (Original Motion Picture Soundtrack)","Shankar-Ehsaan-Loy;Shankar Mahadevan;Shaan;Mahalakshmi Iyer",2006-06-08,341840,57,false,31n5izrsw6hdh4t5pxt2n2dlgx5m,2026-04-01T19:51:25Z,"bollywood,sufi,desi,hindi pop,marathi pop,devotional,bhajan,tamil dance,desi pop,bangla pop","Sony Music Entertainment India Pvt. Ltd.",0.787,0.871,5,-6.193,0,0.142,0.109,0,0.0426,0.831,94.998,4
spotify:track:7emLx4rVwr0tPyjktu7A7U,"Deewangi Deewangi","Om Shanti Om","Shaan;Udit Narayan;Shreya Ghoshal;Sunidhi Chauhan;Rahul Saxena;Vishal-Shekhar;Javed Akhtar",2007-09-18,352388,63,false,31n5izrsw6hdh4t5pxt2n2dlgx5m,2026-04-01T19:53:18Z,"bollywood,hindi pop,desi,desi pop,bangla pop,kannada pop,marathi pop","T-Series",0.725,0.918,9,-4.875,1,0.0447,0.0289,0.00000513,0.602,0.927,107.975,4
spotify:track:2GTasAZimpxzNgE7aXFifI,"Dard - E - Disco","Om Shanti Om","Sukhwinder Singh;Marianne;Nisha;Caralisa Monteiro;Vishal-Shekhar;Javed Akhtar",2007-09-18,268712,66,false,31n5izrsw6hdh4t5pxt2n2dlgx5m,2026-04-01T19:53:23Z,"bollywood,desi,hindi pop","T-Series",0.837,0.839,11,-5.548,1,0.0468,0.0381,0.000193,0.301,0.679,107.025,4
spotify:track:0EH7sgeiFqDa3eS7ieW2zs,"Chammak Challo","Ra-One","Vishal-Shekhar;Akon;Hamsika Iyer;Vishal Dadlani;Niranjan Iyengar",2011-09-16,227091,76,false,31n5izrsw6hdh4t5pxt2n2dlgx5m,2026-04-01T19:53:30Z,"bollywood,desi,hindi pop","T-Series",0.742,0.879,0,-4.274,0,0.0328,0.0696,0.00000717,0.0981,0.936,133.946,4
spotify:track:0se928CIhZPlfVGi3A6zrx,"Crazy Kiya Re","Dhoom:2","Pritam;Sunidhi Chauhan;Sameer Anjaan",2006-10-19,294504,61,false,31n5izrsw6hdh4t5pxt2n2dlgx5m,2026-04-01T19:53:36Z,"bollywood,hindi pop,desi","YRF Music",0.759,0.938,11,-5.387,1,0.123,0.143,0.00000397,0.402,0.81,92.017,4
spotify:track:39bx4zZrPxTjw8VNuvjt6X,"Criminal","Ra-One","Vishal-Shekhar;Akon;Vishal Dadlani;Shruti Pathak;Kumaar",2011-09-16,306503,57,false,31n5izrsw6hdh4t5pxt2n2dlgx5m,2026-04-01T19:53:44Z,"bollywood,desi,hindi pop,gujarati garba,gujarati pop","T-Series",0.701,0.966,0,-5.36,1,0.0568,0.063,0.0662,0.0761,0.834,132.015,4
spotify:track:6VbmeIWTbNHM5uqoW7GTE4,"Sheila Ki Jawani","Tees Maar Khan","Vishal-Shekhar;Sunidhi Chauhan;Vishal Dadlani",2010-11-15,281707,71,false,31n5izrsw6hdh4t5pxt2n2dlgx5m,2026-04-01T19:53:48Z,"bollywood,desi,hindi pop","T-Series",0.803,0.859,6,-4.405,0,0.185,0.305,0.0000618,0.553,0.631,101.007,4
spotify:track:4eu27jAU2bbnyHUC3G75U8,"Badtameez Dil","Yeh Jawaani Hai Deewani","Pritam;Benny Dayal;Shefali Alvares;Amitabh Bhattacharya",2013-03-30,252760,71,false,31n5izrsw6hdh4t5pxt2n2dlgx5m,2026-04-01T19:53:52Z,"bollywood,hindi pop,desi","T-Series",0.806,0.932,2,-2.228,0,0.0684,0.24,0,0.216,0.792,106.021,4
spotify:track:3W1XPf7mvuQcWQB7U7MbTM,"Dilliwaali Girlfriend","Yeh Jawaani Hai Deewani","Pritam;Arijit Singh;Sunidhi Chauhan;Kumaar",2013-03-30,260552,70,false,31n5izrsw6hdh4t5pxt2n2dlgx5m,2026-04-01T19:53:58Z,"bollywood,hindi pop,desi,bangla pop","T-Series",0.687,0.941,6,-5.23,0,0.0583,0.0811,0.00000293,0.0697,0.909,138.048,4
spotify:track:0QjiywAse0jM8QgPvtJrpC,"Baby Doll (From ""Ragini Mms 2"")","Bollywood Party With Meet Bros","Meet Bros Anjjan;Kanika Kapoor",2017-08-17,213887,45,false,31n5izrsw6hdh4t5pxt2n2dlgx5m,2026-04-01T19:54:03Z,"bollywood,desi,hindi pop","T-Series",0.836,0.839,4,-2.974,0,0.106,0.275,0.00000725,0.181,0.507,103.992,4
spotify:track:0CtZpaOhtzvLV3FfcsVpQo,"Besharam Rang (From ""Pathaan"")","Besharam Rang (From ""Pathaan"")","Vishal-Shekhar;Shilpa Rao;Caralisa Monteiro;Vishal Dadlani;Shekhar Ravjiani;Kumaar",2022-12-12,258472,69,false,31n5izrsw6hdh4t5pxt2n2dlgx5m,2026-04-01T19:54:07Z,"bollywood,desi,hindi pop","YRF Music",0.773,0.795,8,-5.537,0,0.0412,0.0587,0.00237,0.154,0.649,115.997,4
spotify:track:6f7zyAEUCZuvX4Zty62Z5o,"Radha","Student of the Year (Original Motion Picture Soundtrack)","Vishal-Shekhar;Shreya Ghoshal;Udit Narayan;Vishal Dadlani;Shekhar Ravjiani",2012-08-31,341360,64,false,31n5izrsw6hdh4t5pxt2n2dlgx5m,2026-04-01T19:54:11Z,"bollywood,desi,hindi pop,kannada pop,marathi pop,bangla pop","Sony Music Entertainment India Pvt. Ltd.",0.804,0.748,1,-14.163,0,0.0616,0.11,0,0.0998,0.699,131.989,4
spotify:track:7CdABTaND3EW5cETakiBD3,"Say ""Shava Shava""","Kabhi Khushi Kabhie Gham (Original Motion Picture Soundtrack)","Aadesh Shrivastava;Sudesh Bhosle;Alka Yagnik;Sunidhi Chauhan;Amitabh Bachchan;Udit Narayan",2001-11-28,408920,57,false,31n5izrsw6hdh4t5pxt2n2dlgx5m,2026-04-01T19:54:26Z,"bollywood,marathi pop,hindi pop,desi,bhajan,devotional","Sony Music Entertainment India Pvt. Ltd.",0.665,0.908,2,-4.804,1,0.188,0.0504,0,0.0798,0.691,98.808,4
spotify:track:2Bn2JQAGZzxe09jFzm1SqJ,"Aaja Nachle","Aaja Nachle","Salim–Sulaiman;Sunidhi Chauhan;Piyush Mishra",2007-10-18,305162,63,false,31n5izrsw6hdh4t5pxt2n2dlgx5m,2026-04-01T19:54:31Z,"bollywood,sufi,desi,hindi pop,qawwali","YRF Music",0.771,0.878,3,-6.879,0,0.177,0.417,0.0000632,0.332,0.84,120.003,4
spotify:track:2h1d6XPdBms5i7YwyfOO7q,"Halkat Jawani","Heroine (Original Motion Picture Soundtrack)","Salim–Sulaiman;Sunidhi Chauhan",2012-06-24,238426,62,false,31n5izrsw6hdh4t5pxt2n2dlgx5m,2026-04-01T19:54:34Z,"bollywood,sufi,desi,hindi pop,qawwali","UTV",0.709,0.812,6,-2.497,0,0.119,0.108,0.00000211,0.465,0.908,131.984,4
spotify:track:2VgbvKdaSOXWByBKYgBsEc,"Love Mera Hit Hit","Billu","Pritam;Neeraj Shridhar;Tulsi Kumar;Ashish Pandit",2009-01-05,286034,63,false,31n5izrsw6hdh4t5pxt2n2dlgx5m,2026-04-01T19:54:39Z,"bollywood,hindi pop,desi","T-Series",0.825,0.944,0,-4.98,1,0.0382,0.0871,0.0102,0.345,0.919,104.844,4
spotify:track:2nNaw1QUcqiEX6pBFxcpp3,"Marjaani","Billu","Pritam;Sukhwinder Singh;Sunidhi Chauhan;Gulzar",2009-01-05,323941,58,false,31n5izrsw6hdh4t5pxt2n2dlgx5m,2026-04-01T19:54:43Z,"bollywood,hindi pop,desi,ghazal","T-Series",0.773,0.951,11,-4.054,0,0.0577,0.0693,0.0083,0.321,0.603,109.427,4
spotify:track:7JFIDJAi9RoCn0JYavNLRG,"Shut Up & Bounce","Dostana (Original Motion Picture Soundtrack)","Vishal-Shekhar;Sunidhi Chauhan;Vishal Dadlani",2008-10-08,277493,54,false,31n5izrsw6hdh4t5pxt2n2dlgx5m,2026-04-01T19:54:47Z,"bollywood,desi,hindi pop","Sony Music Entertainment India Pvt. Ltd.",0.578,0.857,2,-7.272,1,0.0648,0.00269,0.263,0.141,0.904,121.981,4
spotify:track:2J6eJ4OtqTiKSQr3pIwxmD,"Garmi","Street Dancer 3D","Badshah;Neha Kakkar;Varun Dhawan",2020-02-13,182738,42,false,31n5izrsw6hdh4t5pxt2n2dlgx5m,2026-04-01T19:54:52Z,"bollywood,desi,desi hip hop,hindi pop,hindi hip hop,desi pop,gujarati garba","T-Series",0.788,0.87,9,-5.217,1,0.177,0.123,0.0000143,0.0692,0.884,109.974,4
spotify:track:5lLBVDoG0w9oVxEftMIniN,"Soni Soni","Mohabbatein","Jatin-Lalit;Udit Narayan;Jaspinder Narula;Udbhav;Manohar Shetty;Ishaan;Shweta Pandit;Sonali Bhatawdekar;Pritha Mazumdar;Anand Bakshi",2000-08-27,547422,58,false,31n5izrsw6hdh4t5pxt2n2dlgx5m,2026-04-01T19:54:58Z,"bollywood,hindi pop,desi","YRF Music",0.647,0.725,7,-12.066,0,0.059,0.618,0.0000499,0.558,0.918,98.787,4
spotify:track:2lbdPiHFMRoGEmiugqaoXB,"Naal Nachna","Dhurandhar (Original Motion Picture Soundtrack)","Shashwat Sachdev;Afsana Khan;Irshad Kamil;Reble",2025-12-05,155142,65,true,31n5izrsw6hdh4t5pxt2n2dlgx5m,2026-04-01T19:55:04Z,"bollywood,desi pop,hindi pop,desi","Saregama India Ltd",0.79,0.715,6,-7.881,0,0.0765,0.106,0.12,0.11,0.833,140.018,4
spotify:track:0uvnGQnVe313EXePbRnZEH,"Shararat (From ""Dhurandhar"")","Shararat (From ""Dhurandhar"")","Shashwat Sachdev;Madhubanti Bagchi;Jasmine Sandlas",2025-12-01,224083,68,false,31n5izrsw6hdh4t5pxt2n2dlgx5m,2026-04-01T19:55:08Z,"bollywood,desi pop,hindi pop,bangla pop,bhangra,punjabi pop,desi","Saregama India Ltd",0.731,0.828,11,-5.507,1,0.0703,0.0142,0.0000325,0.0719,0.333,130.955,4
spotify:track:3JTMWdhcJPiegDSe7SvZS3,"Cannibal","Cannibal (Expanded Edition)","Kesha",2010-11-19,194253,73,false,31n5izrsw6hdh4t5pxt2n2dlgx5m,2026-04-01T19:55:31Z,"","RCA Records Label",0.71,0.68,1,-4.676,1,0.106,0.0078,0.0165,0.0493,0.571,129.971,4
spotify:track:7axl6v0Yv4ksLVMt6XItpc,"Truth or Dare","TYLA","Tyla",2024-03-22,190392,77,false,31n5izrsw6hdh4t5pxt2n2dlgx5m,2026-04-01T19:55:35Z,"afrobeats","FAX Records/Epic",0.61,0.599,1,-5.752,1,0.337,0.182,0.000124,0.0852,0.809,154.463,5
spotify:track:11mwFrKvLXCbcVGNxffGyP,"Genie In a Bottle","Christina Aguilera (Expanded Edition)","Christina Aguilera",1999,217573,84,false,31n5izrsw6hdh4t5pxt2n2dlgx5m,2026-04-01T19:55:40Z,"","RCA Records Label",0.633,0.8,1,-6.945,1,0.166,0.209,0.000123,0.137,0.913,175.716,4
spotify:track:0YGQ3hZcRLC5YX7o0hdmHg,"Naughty Girl","Dangerously In Love","Beyoncé",2003-06-24,208573,70,false,31n5izrsw6hdh4t5pxt2n2dlgx5m,2026-04-01T19:55:46Z,"","Columbia",0.588,0.461,6,-8.686,0,0.161,0.237,0.0000154,0.0913,0.659,200.053,4
spotify:track:03cL2gI39EAUUEwpi3mIfr,"Phresh Out The Runway","Unapologetic (Deluxe)","Rihanna",2012-12-11,222413,48,true,31n5izrsw6hdh4t5pxt2n2dlgx5m,2026-04-01T19:55:50Z,"","Def Jam Recordings",0.691,0.865,9,-5.831,0,0.0729,0.000202,0,0.294,0.961,154.121,4
spotify:track:60jzFy6Nn4M0iD1d94oteF,"Rude Boy","Rated R","Rihanna",2009-11-20,222920,82,true,31n5izrsw6hdh4t5pxt2n2dlgx5m,2026-04-01T19:55:55Z,"","Def Jam Recordings",0.563,0.75,11,-4.496,1,0.127,0.113,0,0.0788,0.812,173.909,4
spotify:track:1xOqGUkyxGQRdCvGpvWKmL,"Gabriela","Gabriela","KATSEYE",2025-06-20,197226,92,false,31n5izrsw6hdh4t5pxt2n2dlgx5m,2026-04-01T19:56:00Z,"k-pop","HYBE/Geffen",0.653,0.754,7,-4.579,1,0.0692,0.184,0,0.369,0.623,145.884,4
spotify:track:7B3BwNecBhKvNwSMOOl7Gk,"Fame is a Gun","Addison","Addison Rae",2025-06-06,183237,88,false,31n5izrsw6hdh4t5pxt2n2dlgx5m,2026-04-01T19:56:04Z,"","Columbia",0.692,0.399,3,-7.325,0,0.035,0.165,0.00109,0.1,0.411,137.976,4
spotify:track:1DwscornXpj8fmOmYVlqZt,"Stateside + Zara Larsson","Fancy Some More?","PinkPantheress;Zara Larsson",2025-10-10,184761,98,false,31n5izrsw6hdh4t5pxt2n2dlgx5m,2026-04-01T19:56:11Z,"bedroom pop","Warner Records",0.676,0.664,6,-5.919,1,0.0864,0.0725,0.0000565,0.26,0.847,123.455,4
spotify:track:4F7A0DXBrmUAkp32uenhZt,"Party Monster","Starboy","The Weeknd",2016-11-25,249213,79,true,31n5izrsw6hdh4t5pxt2n2dlgx5m,2026-04-01T19:56:18Z,"","The Weeknd/Lyric",0.573,0.63,1,-8.389,1,0.105,0.189,0.0000231,0.259,0.218,77.525,4
spotify:track:4Q0qVhFQa7j6jRKzo3HDmP,"Sapphire","Sapphire","Ed Sheeran",2025-06-05,179082,78,false,31n5izrsw6hdh4t5pxt2n2dlgx5m,2026-04-01T19:56:44Z,"soft pop","Gingerbread Man Records / Atlantic Records UK",0.631,0.72,1,-6.152,1,0.0655,0.0163,0,0.347,0.394,95.011,4
spotify:track:4cFwhwH5ydnHgB0Tv3lZsm,"O Saki Saki (From ""Batla House"")","O Saki Saki (From ""Batla House"")","Vishal-Shekhar;Neha Kakkar;Tulsi Kumar;B Praak",2019-07-15,191089,67,false,31n5izrsw6hdh4t5pxt2n2dlgx5m,2026-04-01T19:57:12Z,"bollywood,desi,hindi pop,desi pop,gujarati garba,bhajan","T-Series",0.737,0.961,10,-0.155,0,0.0747,0.163,0,0.361,0.567,108.014,4
spotify:track:5EqggGHTuqiUfruO2gMHhI,"Dance Pe Chance","Rab Ne Bana Di Jodi","Salim–Sulaiman;Sunidhi Chauhan;Labh Janjua;Jaideep Sahni",2008-11-06,261015,62,false,31n5izrsw6hdh4t5pxt2n2dlgx5m,2026-04-01T19:57:16Z,"bollywood,sufi,desi,hindi pop,qawwali","YRF Music",0.884,0.893,5,-6.141,0,0.162,0.138,0.000922,0.0614,0.937,128.024,4
spotify:track:6ECucSdJeJmSm3k1k3Vumv,"Where's the Party Tonight","Kabhi Alvida Naa Kehna (Original Motion Picture Soundtrack)","Shankar-Ehsaan-Loy;Shaan;Vasundhara Das;Loy Mendonsa;Shankar Mahadevan",2006-06-08,378160,59,false,31n5izrsw6hdh4t5pxt2n2dlgx5m,2026-04-01T19:57:19Z,"bollywood,sufi,desi,hindi pop,desi pop,bangla pop,marathi pop,devotional,bhajan,tamil dance","Sony Music Entertainment India Pvt. Ltd.",0.764,0.863,2,-5.414,0,0.0416,0.00269,0,0.27,0.92,132.021,4
spotify:track:5XsoDbDt98b0FkFLOhsJuS,"Lat Lag Gayee","Race 2 (Original Motion Picture Soundtrack)","Benny Dayal;Shalmali Kholgade;Pritam",2012-01-25,280369,73,false,31n5izrsw6hdh4t5pxt2n2dlgx5m,2026-04-01T19:57:23Z,"bollywood,desi,hindi pop","Tips Music Limited",0.79,0.892,10,-4.038,0,0.0404,0.228,0.00000118,0.206,0.896,131.991,4
spotify:track:1tGARsb4HC2pheoOYsC64I,"Desi Girl","Dostana (Original Motion Picture Soundtrack) [Deluxe Edition]","Vishal-Shekhar;Shankar Mahadevan;Sunidhi Chauhan;Vishal Dadlani",2008-10-08,303525,52,false,31n5izrsw6hdh4t5pxt2n2dlgx5m,2026-04-01T19:57:28Z,"bollywood,desi,hindi pop,marathi pop,devotional,bhajan,tamil dance","Sony Music Entertainment India Pvt. Ltd.",0.744,0.934,8,-5.59,1,0.0473,0.0149,0.000604,0.0454,0.823,136.044,4
spotify:track:0bElUnqWc9qri7bCIPG5eZ,"Main Tera Boyfriend (From ""Raabta"")","Best Of Arijit Singh - Revisited","Arijit Singh;Neha Kakkar;Meet Bros.",2017-07-18,276153,60,false,31n5izrsw6hdh4t5pxt2n2dlgx5m,2026-04-01T19:57:34Z,"hindi pop,bollywood,desi,bangla pop,desi pop,gujarati garba","T-Series",0.84,0.914,11,-3.916,0,0.0613,0.0958,0,0.115,0.651,104.019,4
spotify:track:1PSSiUzHEZDPPhy1MyCtbF,"Kamli (From ""Dhoom:3"")","30 Hits of Pritam","Pritam;Sunidhi Chauhan;Amitabh Bhattacharya",2023-06-13,234605,49,false,31n5izrsw6hdh4t5pxt2n2dlgx5m,2026-04-01T19:58:05Z,"bollywood,hindi pop,desi","YRF Music",0.58,0.944,7,-4.059,0,0.106,0.111,0,0.164,0.698,175.098,4
spotify:track:4eKWtXoGajnaGKvKAcgc8f,"Dhoom Taana","Om Shanti Om","Shreya Ghoshal;Abhijeet;Vishal-Shekhar;Javed Akhtar",2007-09-18,373357,60,false,31n5izrsw6hdh4t5pxt2n2dlgx5m,2026-04-01T19:58:11Z,"bollywood,hindi pop,desi,kannada pop,marathi pop,bangla pop","T-Series",0.8,0.881,0,-6.077,1,0.0502,0.127,0.00011,0.0976,0.81,107.998,4
spotify:track:70r85LQ7Hcof30PJmksilm,"Chhaliya","Tashan","Vishal-Shekhar;Sunidhi Chauhan;Piyush Mishra;Anvita Dutt Guptan",2008-03-27,286093,64,false,31n5izrsw6hdh4t5pxt2n2dlgx5m,2026-04-01T19:58:24Z,"bollywood,desi,hindi pop","YRF Music",0.806,0.806,5,-5.498,0,0.194,0.114,0.000183,0.429,0.733,97.999,4
spotify:track:59ZTxQo8rBycIXPLUIKvE2,"Dirrty (feat. Redman)","Stripped","Christina Aguilera;Redman",2002-07-19,298853,69,false,31n5izrsw6hdh4t5pxt2n2dlgx5m,2026-04-11T02:20:47Z,"east coast hip hop,old school hip hop,hip hop,hardcore hip hop","RCA Records Label",0.64,0.889,2,-3.073,1,0.322,0.107,0,0.339,0.436,99.931,4
spotify:track:1akzSqvnTzAxlyWYqTZcJX,"Sharara","Mere Yaar Ki Shaadi Hai","Jeet-Pritam;Asha Bhosle;Javed Akhtar",2002-05-09,296515,59,false,31n5izrsw6hdh4t5pxt2n2dlgx5m,2026-04-16T20:48:35Z,"bollywood,ghazal,marathi pop,bangla pop,hindi pop,desi","YRF Music",0.602,0.891,6,-8.655,0,0.449,0.384,0.00234,0.335,0.548,94.975,4
spotify:track:0dTjGvzVRsvUjM9jJVWEDK,"Palat - Tera Hero Idhar Hai","Main Tera Hero","Arijit Singh",2014-03-03,270676,58,false,31n5izrsw6hdh4t5pxt2n2dlgx5m,2026-04-16T23:33:18Z,"hindi pop,bollywood,desi,bangla pop","T-Series",0.411,0.729,9,-4.738,0,0.0983,0.132,0,0.177,0.498,96.053,3
